.Al Bayan PUA,.Al Bayan PUA Bold,AlBayan.ttc
.Al Bayan PUA,.Al Bayan PUA Plain,AlBayan.ttc
.Al Nile PUA,.Al Nile PUA Bold,Al Nile.ttc
.Al Nile PUA,.Al Nile PUA,Al Nile.ttc
.Al Tarikh PUA,.Al Tarikh PUA,Al Tarikh.ttc
.Apple Color Emoji UI,.Apple Color Emoji UI,Apple Color Emoji.ttc
.Apple SD Gothic NeoI,.Apple SD Gothic NeoI Bold,AppleSDGothicNeo.ttc
.Apple SD Gothic NeoI,.Apple SD Gothic NeoI ExtraBold,AppleSDGothicNeo.ttc
.Apple SD Gothic NeoI,.Apple SD Gothic NeoI Heavy,AppleSDGothicNeo.ttc
.Apple SD Gothic NeoI,.Apple SD Gothic NeoI Light,AppleSDGothicNeo.ttc
.Apple SD Gothic NeoI,.Apple SD Gothic NeoI Medium,AppleSDGothicNeo.ttc
.Apple SD Gothic NeoI,.Apple SD Gothic NeoI Regular,AppleSDGothicNeo.ttc
.Apple SD Gothic NeoI,.Apple SD Gothic NeoI SemiBold,AppleSDGothicNeo.ttc
.Apple SD Gothic NeoI,.Apple SD Gothic NeoI Thin,AppleSDGothicNeo.ttc
.Apple SD Gothic NeoI,.Apple SD Gothic NeoI UltraLight,AppleSDGothicNeo.ttc
.Arabic UI Display,.Arabic UI Display Black,ArabicUIDisplay.ttc
.Arabic UI Display,.Arabic UI Display Bold,ArabicUIDisplay.ttc
.Arabic UI Display,.Arabic UI Display Heavy,ArabicUIDisplay.ttc
.Arabic UI Display,.Arabic UI Display Light,ArabicUIDisplay.ttc
.Arabic UI Display,.Arabic UI Display Medium,ArabicUIDisplay.ttc
.Arabic UI Display,.Arabic UI Display Regular,ArabicUIDisplay.ttc
.Arabic UI Display,.Arabic UI Display Semibold,ArabicUIDisplay.ttc
.Arabic UI Display,.Arabic UI Display Thin,ArabicUIDisplay.ttc
.Arabic UI Display,.Arabic UI Display Ultralight,ArabicUIDisplay.ttc
.Arabic UI Text,.Arabic UI Text Bold,ArabicUIText.ttc
.Arabic UI Text,.Arabic UI Text Heavy,ArabicUIText.ttc
.Arabic UI Text,.Arabic UI Text Light,ArabicUIText.ttc
.Arabic UI Text,.Arabic UI Text Medium,ArabicUIText.ttc
.Arabic UI Text,.Arabic UI Text Regular,ArabicUIText.ttc
.Arabic UI Text,.Arabic UI Text Semibold,ArabicUIText.ttc
.Arial Hebrew Desk Interface,.Arial Hebrew Desk Interface Bold,ArialHB.ttc
.Arial Hebrew Desk Interface,.Arial Hebrew Desk Interface Light,ArialHB.ttc
.Arial Hebrew Desk Interface,.Arial Hebrew Desk Interface,ArialHB.ttc
.Baghdad PUA,.Baghdad PUA,Baghdad.ttc
.Beirut PUA,.Beirut PUA,Beirut.ttc
.Damascus PUA,.Damascus PUA Bold,Damascus.ttc
.Damascus PUA,.Damascus PUA Light,Damascus.ttc
.Damascus PUA,.Damascus PUA Medium,Damascus.ttc
.Damascus PUA,.Damascus PUA Semi Bold,Damascus.ttc
.Damascus PUA,.Damascus PUA,Damascus.ttc
.DecoType Naskh PUA,.DecoType Naskh PUA,DecoTypeNaskh.ttc
.Diwan Kufi PUA,.Diwan Kufi PUA,Diwan Kufi.ttc
.Farah PUA,.Farah PUA,Farah.ttc
.Geeza Pro Interface,.Geeza Pro Interface Bold,GeezaPro.ttc
.Geeza Pro Interface,.Geeza Pro Interface Light,GeezaPro.ttc
.Geeza Pro Interface,.Geeza Pro Interface Regular,GeezaPro.ttc
.Geeza Pro PUA,.Geeza Pro PUA Bold,GeezaPro.ttc
.Geeza Pro PUA,.Geeza Pro PUA,GeezaPro.ttc
.Helvetica LT MM,.Helvetica LT MM,HelveLTMM
.Helvetica Neue DeskInterface,.Helvetica Neue DeskInterface Bold Italic,HelveticaNeueDeskInterface.ttc
.Helvetica Neue DeskInterface,.Helvetica Neue DeskInterface Bold,HelveticaNeueDeskInterface.ttc
.Helvetica Neue DeskInterface,.Helvetica Neue DeskInterface Heavy,HelveticaNeueDeskInterface.ttc
.Helvetica Neue DeskInterface,.Helvetica Neue DeskInterface Italic,HelveticaNeueDeskInterface.ttc
.Helvetica Neue DeskInterface,.Helvetica Neue DeskInterface Light,HelveticaNeueDeskInterface.ttc
.Helvetica Neue DeskInterface,.Helvetica Neue DeskInterface Medium Italic P4,HelveticaNeueDeskInterface.ttc
.Helvetica Neue DeskInterface,.Helvetica Neue DeskInterface Medium P4,HelveticaNeueDeskInterface.ttc
.Helvetica Neue DeskInterface,.Helvetica Neue DeskInterface Regular,HelveticaNeueDeskInterface.ttc
.Helvetica Neue DeskInterface,.Helvetica Neue DeskInterface Thin,HelveticaNeueDeskInterface.ttc
.Helvetica Neue DeskInterface,.Helvetica Neue DeskInterface UltraLight,HelveticaNeueDeskInterface.ttc
.Hiragino Kaku Gothic Interface,.Hiragino Kaku Gothic Interface W0,ヒラギノ角ゴシック W0.ttc
.Hiragino Kaku Gothic Interface,.Hiragino Kaku Gothic Interface W1,ヒラギノ角ゴシック W1.ttc
.Hiragino Kaku Gothic Interface,.Hiragino Kaku Gothic Interface W2,ヒラギノ角ゴシック W2.ttc
.Hiragino Kaku Gothic Interface,.Hiragino Kaku Gothic Interface W3,ヒラギノ角ゴシック W3.ttc
.Hiragino Kaku Gothic Interface,.Hiragino Kaku Gothic Interface W4,ヒラギノ角ゴシック W4.ttc
.Hiragino Kaku Gothic Interface,.Hiragino Kaku Gothic Interface W5,ヒラギノ角ゴシック W5.ttc
.Hiragino Kaku Gothic Interface,.Hiragino Kaku Gothic Interface W6,ヒラギノ角ゴシック W6.ttc
.Hiragino Kaku Gothic Interface,.Hiragino Kaku Gothic Interface W7,ヒラギノ角ゴシック W7.ttc
.Hiragino Kaku Gothic Interface,.Hiragino Kaku Gothic Interface W8,ヒラギノ角ゴシック W8.ttc
.Hiragino Kaku Gothic Interface,.Hiragino Kaku Gothic Interface W9,ヒラギノ角ゴシック W9.ttc
.Hiragino Sans GB Interface,.Hiragino Sans GB Interface W3,Hiragino Sans GB.ttc
.Hiragino Sans GB Interface,.Hiragino Sans GB Interface W6,Hiragino Sans GB.ttc
.Keyboard,.Keyboard,Keyboard.ttf
.KufiStandardGK PUA,.KufiStandardGK PUA,KufiStandardGK.ttc
.Lucida Grande UI,.Lucida Grande UI Bold,LucidaGrande.ttc
.Lucida Grande UI,.Lucida Grande UI Regular,LucidaGrande.ttc
.Muna PUA,.Muna PUA Black,Muna.ttc
.Muna PUA,.Muna PUA Bold,Muna.ttc
.Muna PUA,.Muna PUA,Muna.ttc
.Nadeem PUA,.Nadeem PUA,Nadeem.ttc
.Noto Nastaliq Urdu UI,.Noto Nastaliq Urdu UI,NotoNastaliq.ttc
.PingFang HK,.PingFang HK Light,PingFang.ttc
.PingFang HK,.PingFang HK Medium,PingFang.ttc
.PingFang HK,.PingFang HK Regular,PingFang.ttc
.PingFang HK,.PingFang HK Semibold,PingFang.ttc
.PingFang HK,.PingFang HK Thin,PingFang.ttc
.PingFang HK,.PingFang HK Ultralight,PingFang.ttc
.PingFang SC,.PingFang SC Light,PingFang.ttc
.PingFang SC,.PingFang SC Medium,PingFang.ttc
.PingFang SC,.PingFang SC Regular,PingFang.ttc
.PingFang SC,.PingFang SC Semibold,PingFang.ttc
.PingFang SC,.PingFang SC Thin,PingFang.ttc
.PingFang SC,.PingFang SC Ultralight,PingFang.ttc
.PingFang TC,.PingFang TC Light,PingFang.ttc
.PingFang TC,.PingFang TC Medium,PingFang.ttc
.PingFang TC,.PingFang TC Regular,PingFang.ttc
.PingFang TC,.PingFang TC Semibold,PingFang.ttc
.PingFang TC,.PingFang TC Thin,PingFang.ttc
.PingFang TC,.PingFang TC Ultralight,PingFang.ttc
.SF Compact Display,.SF Compact Display Black,SFCompactDisplay-Black.otf
.SF Compact Display,.SF Compact Display Bold,SFCompactDisplay-Bold.otf
.SF Compact Display,.SF Compact Display Heavy,SFCompactDisplay-Heavy.otf
.SF Compact Display,.SF Compact Display Light,SFCompactDisplay-Light.otf
.SF Compact Display,.SF Compact Display Medium,SFCompactDisplay-Medium.otf
.SF Compact Display,.SF Compact Display Regular,SFCompactDisplay-Regular.otf
.SF Compact Display,.SF Compact Display Semibold,SFCompactDisplay-Semibold.otf
.SF Compact Display,.SF Compact Display Thin,SFCompactDisplay-Thin.otf
.SF Compact Display,.SF Compact Display Ultralight,SFCompactDisplay-Ultralight.otf
.SF Compact Rounded,.SF Compact Rounded Black,SFCompactRounded-Black.otf
.SF Compact Rounded,.SF Compact Rounded Bold,SFCompactRounded-Bold.otf
.SF Compact Rounded,.SF Compact Rounded Heavy,SFCompactRounded-Heavy.otf
.SF Compact Rounded,.SF Compact Rounded Light,SFCompactRounded-Light.otf
.SF Compact Rounded,.SF Compact Rounded Medium,SFCompactRounded-Medium.otf
.SF Compact Rounded,.SF Compact Rounded Regular,SFCompactRounded-Regular.otf
.SF Compact Rounded,.SF Compact Rounded Semibold,SFCompactRounded-Semibold.otf
.SF Compact Rounded,.SF Compact Rounded Thin,SFCompactRounded-Thin.otf
.SF Compact Rounded,.SF Compact Rounded Ultralight,SFCompactRounded-Ultralight.otf
.SF Compact Text,.SF Compact Text Bold Italic,SFCompactText-BoldItalic.otf
.SF Compact Text,.SF Compact Text Bold,SFCompactText-Bold.otf
.SF Compact Text,.SF Compact Text Heavy Italic,SFCompactText-HeavyItalic.otf
.SF Compact Text,.SF Compact Text Heavy,SFCompactText-Heavy.otf
.SF Compact Text,.SF Compact Text Italic,SFCompactText-RegularItalic.otf
.SF Compact Text,.SF Compact Text Light Italic,SFCompactText-LightItalic.otf
.SF Compact Text,.SF Compact Text Light,SFCompactText-Light.otf
.SF Compact Text,.SF Compact Text Medium Italic,SFCompactText-MediumItalic.otf
.SF Compact Text,.SF Compact Text Medium,SFCompactText-Medium.otf
.SF Compact Text,.SF Compact Text Regular,SFCompactText-Regular.otf
.SF Compact Text,.SF Compact Text Semibold Italic,SFCompactText-SemiboldItalic.otf
.SF Compact Text,.SF Compact Text Semibold,SFCompactText-Semibold.otf
.SF NS Display Condensed,.SF NS Display Condensed Black,SFNSDisplayCondensed-Black.otf
.SF NS Display Condensed,.SF NS Display Condensed Bold,SFNSDisplayCondensed-Bold.otf
.SF NS Display Condensed,.SF NS Display Condensed Heavy,SFNSDisplayCondensed-Heavy.otf
.SF NS Display Condensed,.SF NS Display Condensed Light,SFNSDisplayCondensed-Light.otf
.SF NS Display Condensed,.SF NS Display Condensed Medium,SFNSDisplayCondensed-Medium.otf
.SF NS Display Condensed,.SF NS Display Condensed Regular,SFNSDisplayCondensed-Regular.otf
.SF NS Display Condensed,.SF NS Display Condensed Semibold,SFNSDisplayCondensed-Semibold.otf
.SF NS Display Condensed,.SF NS Display Condensed Thin,SFNSDisplayCondensed-Thin.otf
.SF NS Display Condensed,.SF NS Display Condensed Ultralight,SFNSDisplayCondensed-Ultralight.otf
.SF NS Display,.SF NS Display Black,SFNSDisplay-Black.otf
.SF NS Display,.SF NS Display Black,SFNSDisplay.ttf
.SF NS Display,.SF NS Display Bold,SFNSDisplay-Bold.otf
.SF NS Display,.SF NS Display Bold,SFNSDisplay.ttf
.SF NS Display,.SF NS Display Heavy,SFNSDisplay-Heavy.otf
.SF NS Display,.SF NS Display Heavy,SFNSDisplay.ttf
.SF NS Display,.SF NS Display Light,SFNSDisplay-Light.otf
.SF NS Display,.SF NS Display Light,SFNSDisplay.ttf
.SF NS Display,.SF NS Display Medium,SFNSDisplay-Medium.otf
.SF NS Display,.SF NS Display Medium,SFNSDisplay.ttf
.SF NS Display,.SF NS Display Regular,SFNSDisplay-Regular.otf
.SF NS Display,.SF NS Display Regular,SFNSDisplay.ttf
.SF NS Display,.SF NS Display Semibold,SFNSDisplay-Semibold.otf
.SF NS Display,.SF NS Display Semibold,SFNSDisplay.ttf
.SF NS Display,.SF NS Display Thin,SFNSDisplay-Thin.otf
.SF NS Display,.SF NS Display Thin,SFNSDisplay.ttf
.SF NS Display,.SF NS Display Ultralight,SFNSDisplay-Ultralight.otf
.SF NS Display,.SF NS Display Ultralight,SFNSDisplay.ttf
.SF NS Symbols,.SF NS Symbols Regular,SFNSSymbols-Regular.otf
.SF NS Text Condensed,.SF NS Text Condensed Bold,SFNSTextCondensed-Bold.otf
.SF NS Text Condensed,.SF NS Text Condensed Heavy,SFNSTextCondensed-Heavy.otf
.SF NS Text Condensed,.SF NS Text Condensed Light,SFNSTextCondensed-Light.otf
.SF NS Text Condensed,.SF NS Text Condensed Medium,SFNSTextCondensed-Medium.otf
.SF NS Text Condensed,.SF NS Text Condensed Regular,SFNSTextCondensed-Regular.otf
.SF NS Text Condensed,.SF NS Text Condensed Semibold,SFNSTextCondensed-Semibold.otf
.SF NS Text,.SF NS Text Bold,SFNSText.ttf
.SF NS Text,.SF NS Text Heavy,SFNSText.ttf
.SF NS Text,.SF NS Text Italic,SFNSTextItalic.ttf
.SF NS Text,.SF NS Text Light Bold Italic,SFNSTextItalic.ttf
.SF NS Text,.SF NS Text Light Heavy Italic,SFNSTextItalic.ttf
.SF NS Text,.SF NS Text Light Italic,SFNSTextItalic.ttf
.SF NS Text,.SF NS Text Light Semibold Italic,SFNSTextItalic.ttf
.SF NS Text,.SF NS Text Light,SFNSText.ttf
.SF NS Text,.SF NS Text Medium Italic,SFNSTextItalic.ttf
.SF NS Text,.SF NS Text Medium,SFNSText.ttf
.SF NS Text,.SF NS Text Regular,SFNSText.ttf
.SF NS Text,.SF NS Text Semibold,SFNSText.ttf
.Sana PUA,.Sana PUA,Sana.ttc
.Savoye LET CC.,Savoye LET Plain CC.:1.0,Savoye LET.ttc
.Times LT MM,.Times LT MM,TimesLTMM
Al Bayan,Al Bayan Bold,AlBayan.ttc
Al Bayan,Al Bayan Plain,AlBayan.ttc
Al Nile,Al Nile Bold,Al Nile.ttc
Al Nile,Al Nile,Al Nile.ttc
Al Tarikh,Al Tarikh,Al Tarikh.ttc
American Typewriter,American Typewriter Bold,AmericanTypewriter.ttc
American Typewriter,American Typewriter Condensed Bold,AmericanTypewriter.ttc
American Typewriter,American Typewriter Condensed Light,AmericanTypewriter.ttc
American Typewriter,American Typewriter Condensed,AmericanTypewriter.ttc
American Typewriter,American Typewriter Light,AmericanTypewriter.ttc
American Typewriter,American Typewriter Semibold,AmericanTypewriter.ttc
American Typewriter,American Typewriter,AmericanTypewriter.ttc
Andale Mono,Andale Mono,Andale Mono.ttf
Apple Braille,Apple Braille Outline 6 Dot,Apple Braille Outline 6 Dot.ttf
Apple Braille,Apple Braille Outline 8 Dot,Apple Braille Outline 8 Dot.ttf
Apple Braille,Apple Braille Pinpoint 6 Dot,Apple Braille Pinpoint 6 Dot.ttf
Apple Braille,Apple Braille Pinpoint 8 Dot,Apple Braille Pinpoint 8 Dot.ttf
Apple Braille,Apple Braille,Apple Braille.ttf
Apple Chancery,Apple Chancery,Apple Chancery.ttf
Apple Color Emoji,Apple Color Emoji,Apple Color Emoji.ttc
Apple LiGothic,Apple LiGothic Medium,AppleLiGothic-Medium.ttf
Apple LiSung,Apple LiSung Light,AppleLiSung-Light.ttf
Apple SD Gothic Neo,Apple SD Gothic Neo Bold,AppleSDGothicNeo.ttc
Apple SD Gothic Neo,Apple SD Gothic Neo ExtraBold,AppleSDGothicNeo.ttc
Apple SD Gothic Neo,Apple SD Gothic Neo Heavy,AppleSDGothicNeo.ttc
Apple SD Gothic Neo,Apple SD Gothic Neo Light,AppleSDGothicNeo.ttc
Apple SD Gothic Neo,Apple SD Gothic Neo Medium,AppleSDGothicNeo.ttc
Apple SD Gothic Neo,Apple SD Gothic Neo Regular,AppleSDGothicNeo.ttc
Apple SD Gothic Neo,Apple SD Gothic Neo SemiBold,AppleSDGothicNeo.ttc
Apple SD Gothic Neo,Apple SD Gothic Neo Thin,AppleSDGothicNeo.ttc
Apple SD Gothic Neo,Apple SD Gothic Neo UltraLight,AppleSDGothicNeo.ttc
Apple Symbols,Apple Symbols,Apple Symbols.ttf
AppleGothic,AppleGothic Regular,AppleGothic.ttf
AppleMyungjo,AppleMyungjo Regular,AppleMyungjo.ttf
AquaKana,AquaKana Bold,AquaKana.ttc
AquaKana,AquaKana,AquaKana.ttc
Arial Hebrew Scholar,Arial Hebrew Scholar Bold,ArialHB.ttc
Arial Hebrew Scholar,Arial Hebrew Scholar Light,ArialHB.ttc
Arial Hebrew Scholar,Arial Hebrew Scholar,ArialHB.ttc
Arial Hebrew,Arial Hebrew Bold,ArialHB.ttc
Arial Hebrew,Arial Hebrew Light,ArialHB.ttc
Arial Hebrew,Arial Hebrew,ArialHB.ttc
Arial Narrow,Arial Narrow Bold Italic,Arial Narrow Bold Italic.ttf
Arial Narrow,Arial Narrow Bold,Arial Narrow Bold.ttf
Arial Narrow,Arial Narrow Italic,Arial Narrow Italic.ttf
Arial Narrow,Arial Narrow,Arial Narrow.ttf
Arial Rounded MT Bold,Arial Rounded MT Bold,Arial Rounded Bold.ttf
Arial,Arial Black,Arial Black.ttf
Arial,Arial Bold Italic,Arial Bold Italic.ttf
Arial,Arial Bold,Arial Bold.ttf
Arial,Arial Italic,Arial Italic.ttf
Arial,Arial Unicode MS,Arial Unicode.ttf
Arial,Arial,Arial.ttf
Athelas,Athelas Bold Italic,Athelas.ttc
Athelas,Athelas Bold,Athelas.ttc
Athelas,Athelas Italic,Athelas.ttc
Athelas,Athelas Regular,Athelas.ttc
Avenir Next Condensed,Avenir Next Condensed Bold Italic,Avenir Next Condensed.ttc
Avenir Next Condensed,Avenir Next Condensed Bold,Avenir Next Condensed.ttc
Avenir Next Condensed,Avenir Next Condensed Demi Bold Italic,Avenir Next Condensed.ttc
Avenir Next Condensed,Avenir Next Condensed Demi Bold,Avenir Next Condensed.ttc
Avenir Next Condensed,Avenir Next Condensed Heavy Italic,Avenir Next Condensed.ttc
Avenir Next Condensed,Avenir Next Condensed Heavy,Avenir Next Condensed.ttc
Avenir Next Condensed,Avenir Next Condensed Italic,Avenir Next Condensed.ttc
Avenir Next Condensed,Avenir Next Condensed Medium Italic,Avenir Next Condensed.ttc
Avenir Next Condensed,Avenir Next Condensed Medium,Avenir Next Condensed.ttc
Avenir Next Condensed,Avenir Next Condensed Regular,Avenir Next Condensed.ttc
Avenir Next Condensed,Avenir Next Condensed Ultra Light Italic,Avenir Next Condensed.ttc
Avenir Next Condensed,Avenir Next Condensed Ultra Light,Avenir Next Condensed.ttc
Avenir Next,Avenir Next Bold Italic,Avenir Next.ttc
Avenir Next,Avenir Next Bold,Avenir Next.ttc
Avenir Next,Avenir Next Demi Bold Italic,Avenir Next.ttc
Avenir Next,Avenir Next Demi Bold,Avenir Next.ttc
Avenir Next,Avenir Next Heavy Italic,Avenir Next.ttc
Avenir Next,Avenir Next Heavy,Avenir Next.ttc
Avenir Next,Avenir Next Italic,Avenir Next.ttc
Avenir Next,Avenir Next Medium Italic,Avenir Next.ttc
Avenir Next,Avenir Next Medium,Avenir Next.ttc
Avenir Next,Avenir Next Regular,Avenir Next.ttc
Avenir Next,Avenir Next Ultra Light Italic,Avenir Next.ttc
Avenir Next,Avenir Next Ultra Light,Avenir Next.ttc
Avenir,Avenir Black Oblique,Avenir.ttc
Avenir,Avenir Black,Avenir.ttc
Avenir,Avenir Book Oblique,Avenir.ttc
Avenir,Avenir Book,Avenir.ttc
Avenir,Avenir Heavy Oblique,Avenir.ttc
Avenir,Avenir Heavy,Avenir.ttc
Avenir,Avenir Light Oblique,Avenir.ttc
Avenir,Avenir Light,Avenir.ttc
Avenir,Avenir Medium Oblique,Avenir.ttc
Avenir,Avenir Medium,Avenir.ttc
Avenir,Avenir Oblique,Avenir.ttc
Avenir,Avenir Roman,Avenir.ttc
Ayuthaya,Ayuthaya,Ayuthaya.ttf
Baghdad,Baghdad Regular,Baghdad.ttc
Bangla MN,Bangla MN Bold,Bangla MN.ttc
Bangla MN,Bangla MN,Bangla MN.ttc
Bangla Sangam MN,Bangla Sangam MN Bold,Bangla Sangam MN.ttc
Bangla Sangam MN,Bangla Sangam MN,Bangla Sangam MN.ttc
Baoli SC,Baoli SC Regular,Baoli.ttc
Baoli TC,Baoli TC Regular,Baoli.ttc
Baskerville,Baskerville Bold Italic,Baskerville.ttc
Baskerville,Baskerville Bold,Baskerville.ttc
Baskerville,Baskerville Italic,Baskerville.ttc
Baskerville,Baskerville SemiBold Italic,Baskerville.ttc
Baskerville,Baskerville SemiBold,Baskerville.ttc
Baskerville,Baskerville,Baskerville.ttc
Beirut,Beirut Regular,Beirut.ttc
BiauKai,BiauKai,BiauKai.ttf
Big Caslon,Big Caslon Medium,BigCaslon.ttf
Bodoni 72 Oldstyle,Bodoni 72 Oldstyle Bold,Bodoni 72 OS.ttc
Bodoni 72 Oldstyle,Bodoni 72 Oldstyle Book Italic,Bodoni 72 OS.ttc
Bodoni 72 Oldstyle,Bodoni 72 Oldstyle Book,Bodoni 72 OS.ttc
Bodoni 72 Smallcaps,Bodoni 72 Smallcaps Book,Bodoni 72 Smallcaps Book.ttf
Bodoni 72,Bodoni 72 Bold,Bodoni 72.ttc
Bodoni 72,Bodoni 72 Book Italic,Bodoni 72.ttc
Bodoni 72,Bodoni 72 Book,Bodoni 72.ttc
Bodoni Ornaments,Bodoni Ornaments,Bodoni Ornaments.ttf
Bradley Hand,Bradley Hand Bold,Bradley Hand Bold.ttf
Brush Script MT,Brush Script MT Italic,Brush Script.ttf
Chalkboard,Chalkboard Bold,Chalkboard.ttc
Chalkboard,Chalkboard SE Bold,ChalkboardSE.ttc
Chalkboard,Chalkboard SE Light,ChalkboardSE.ttc
Chalkboard,Chalkboard SE Regular,ChalkboardSE.ttc
Chalkboard,Chalkboard,Chalkboard.ttc
Chalkduster,Chalkduster,Chalkduster.ttf
Charcoal CY,Charcoal CY,CharcoalCY.dfont
Charter,Charter Black Italic,Charter.ttc
Charter,Charter Black,Charter.ttc
Charter,Charter Bold Italic,Charter.ttc
Charter,Charter Bold,Charter.ttc
Charter,Charter Italic,Charter.ttc
Charter,Charter Roman,Charter.ttc
Cochin,Cochin Bold Italic,Cochin.ttc
Cochin,Cochin Bold,Cochin.ttc
Cochin,Cochin Italic,Cochin.ttc
Cochin,Cochin,Cochin.ttc
Comic Sans MS,Comic Sans MS Bold,Comic Sans MS Bold.ttf
Comic Sans MS,Comic Sans MS,Comic Sans MS.ttf
Copperplate,Copperplate Bold,Copperplate.ttc
Copperplate,Copperplate Light,Copperplate.ttc
Copperplate,Copperplate,Copperplate.ttc
Corsiva Hebrew,Corsiva Hebrew Bold,Corsiva.ttc
Corsiva Hebrew,Corsiva Hebrew,Corsiva.ttc
Courier New,Courier New Bold Italic,Courier New Bold Italic.ttf
Courier New,Courier New Bold,Courier New Bold.ttf
Courier New,Courier New Italic,Courier New Italic.ttf
Courier New,Courier New,Courier New.ttf
Courier,Courier Bold Oblique,Courier.dfont
Courier,Courier Bold,Courier.dfont
Courier,Courier Oblique,Courier.dfont
Courier,Courier,Courier.dfont
DIN Alternate,DIN Alternate Bold,DIN Alternate Bold.ttf
DIN Condensed,DIN Condensed Bold,DIN Condensed Bold.ttf
Damascus,Damascus Bold,Damascus.ttc
Damascus,Damascus Light,Damascus.ttc
Damascus,Damascus Medium,Damascus.ttc
Damascus,Damascus Regular,Damascus.ttc
Damascus,Damascus Semi Bold,Damascus.ttc
DecoType Naskh,DecoType Naskh Regular,DecoTypeNaskh.ttc
Devanagari MT,Devanagari MT Bold,DevanagariMT.ttc
Devanagari MT,Devanagari MT,DevanagariMT.ttc
Devanagari Sangam MN,Devanagari Sangam MN Bold,Devanagari Sangam MN.ttc
Devanagari Sangam MN,Devanagari Sangam MN,Devanagari Sangam MN.ttc
Didot,Didot Bold,Didot.ttc
Didot,Didot Italic,Didot.ttc
Didot,Didot,Didot.ttc
Diwan Kufi,Diwan Kufi Regular,Diwan Kufi.ttc
Diwan Thuluth,Diwan Thuluth Regular,Diwan Thuluth.ttf
Euphemia UCAS,Euphemia UCAS Bold,EuphemiaCAS.ttc
Euphemia UCAS,Euphemia UCAS Italic,EuphemiaCAS.ttc
Euphemia UCAS,Euphemia UCAS,EuphemiaCAS.ttc
Farah,Farah Regular,Farah.ttc
Farisi,Farisi Regular,Farisi.ttf
Futura,Futura Bold,Futura.ttc
Futura,Futura Condensed ExtraBold,Futura.ttc
Futura,Futura Condensed Medium,Futura.ttc
Futura,Futura Medium Italic,Futura.ttc
Futura,Futura Medium,Futura.ttc
GB18030 Bitmap,GB18030 Bitmap,NISC18030.ttf
Geeza Pro,Geeza Pro Bold,GeezaPro.ttc
Geeza Pro,Geeza Pro Regular,GeezaPro.ttc
Geneva CY,Geneva CY,GenevaCY.dfont
Geneva,Geneva,Geneva.dfont
Georgia,Georgia Bold Italic,Georgia Bold Italic.ttf
Georgia,Georgia Bold,Georgia Bold.ttf
Georgia,Georgia Italic,Georgia Italic.ttf
Georgia,Georgia,Georgia.ttf
Gill Sans,Gill Sans Bold Italic,GillSans.ttc
Gill Sans,Gill Sans Bold,GillSans.ttc
Gill Sans,Gill Sans Italic,GillSans.ttc
Gill Sans,Gill Sans Light Italic,GillSans.ttc
Gill Sans,Gill Sans Light,GillSans.ttc
Gill Sans,Gill Sans SemiBold Italic,GillSans.ttc
Gill Sans,Gill Sans SemiBold,GillSans.ttc
Gill Sans,Gill Sans UltraBold,GillSans.ttc
Gill Sans,Gill Sans,GillSans.ttc
Gujarati MT,Gujarati MT Bold,GujaratiMT.ttc
Gujarati MT,Gujarati MT,GujaratiMT.ttc
Gujarati Sangam MN,Gujarati Sangam MN Bold,Gujarati Sangam MN.ttc
Gujarati Sangam MN,Gujarati Sangam MN,Gujarati Sangam MN.ttc
GungSeo,GungSeo Regular,Gungseouche.ttf
Gurmukhi MN,Gurmukhi MN Bold,Gurmukhi MN.ttc
Gurmukhi MN,Gurmukhi MN,Gurmukhi MN.ttc
Gurmukhi MT,Gurmukhi MT,Gurmukhi.ttf
Gurmukhi Sangam MN,Gurmukhi Sangam MN Bold,Gurmukhi Sangam MN.ttc
Gurmukhi Sangam MN,Gurmukhi Sangam MN,Gurmukhi Sangam MN.ttc
Hannotate SC,Hannotate SC Bold,Hannotate.ttc
Hannotate SC,Hannotate SC Regular,Hannotate.ttc
Hannotate TC,Hannotate TC Bold,Hannotate.ttc
Hannotate TC,Hannotate TC Regular,Hannotate.ttc
HanziPen SC,HanziPen SC Bold,Hanzipen.ttc
HanziPen SC,HanziPen SC Regular,Hanzipen.ttc
HanziPen TC,HanziPen TC Bold,Hanzipen.ttc
HanziPen TC,HanziPen TC Regular,Hanzipen.ttc
HeadlineA,HeadlineA,HeadlineA.ttf
Hei,Hei Regular,Hei.ttf
Heiti SC,Heiti SC Light,STHeiti Light.ttc
Heiti SC,Heiti SC Medium,STHeiti Medium.ttc
Heiti TC,Heiti TC Light,STHeiti Light.ttc
Heiti TC,Heiti TC Medium,STHeiti Medium.ttc
Helvetica CY,Helvetica CY Bold,HelveticaCY.dfont
Helvetica CY,Helvetica CY BoldOblique,HelveticaCY.dfont
Helvetica CY,Helvetica CY Oblique,HelveticaCY.dfont
Helvetica CY,Helvetica CY Plain,HelveticaCY.dfont
Helvetica Neue,Helvetica Neue Bold Italic,HelveticaNeue.ttc
Helvetica Neue,Helvetica Neue Bold,HelveticaNeue.ttc
Helvetica Neue,Helvetica Neue Condensed Black,HelveticaNeue.ttc
Helvetica Neue,Helvetica Neue Condensed Bold,HelveticaNeue.ttc
Helvetica Neue,Helvetica Neue Italic,HelveticaNeue.ttc
Helvetica Neue,Helvetica Neue Light Italic,HelveticaNeue.ttc
Helvetica Neue,Helvetica Neue Light,HelveticaNeue.ttc
Helvetica Neue,Helvetica Neue Medium Italic,HelveticaNeue.ttc
Helvetica Neue,Helvetica Neue Medium,HelveticaNeue.ttc
Helvetica Neue,Helvetica Neue Thin Italic,HelveticaNeue.ttc
Helvetica Neue,Helvetica Neue Thin,HelveticaNeue.ttc
Helvetica Neue,Helvetica Neue UltraLight Italic,HelveticaNeue.ttc
Helvetica Neue,Helvetica Neue UltraLight,HelveticaNeue.ttc
Helvetica Neue,Helvetica Neue,HelveticaNeue.ttc
Helvetica,Helvetica Bold Oblique,Helvetica.ttc
Helvetica,Helvetica Bold,Helvetica.ttc
Helvetica,Helvetica Light Oblique,Helvetica.ttc
Helvetica,Helvetica Light,Helvetica.ttc
Helvetica,Helvetica Oblique,Helvetica.ttc
Helvetica,Helvetica,Helvetica.ttc
Herculanum,Herculanum,Herculanum.ttf
Hiragino Kaku Gothic Pro,Hiragino Kaku Gothic Pro W3,ヒラギノ角ゴシック W3.ttc
Hiragino Kaku Gothic Pro,Hiragino Kaku Gothic Pro W6,ヒラギノ角ゴシック W6.ttc
Hiragino Kaku Gothic ProN,Hiragino Kaku Gothic ProN W3,ヒラギノ角ゴシック W3.ttc
Hiragino Kaku Gothic ProN,Hiragino Kaku Gothic ProN W6,ヒラギノ角ゴシック W6.ttc
Hiragino Kaku Gothic Std,Hiragino Kaku Gothic Std W8,ヒラギノ角ゴシック W8.ttc
Hiragino Kaku Gothic StdN,Hiragino Kaku Gothic StdN W8,ヒラギノ角ゴシック W8.ttc
Hiragino Maru Gothic Pro,Hiragino Maru Gothic Pro W4,ヒラギノ丸ゴ ProN W4.ttc
Hiragino Maru Gothic ProN,Hiragino Maru Gothic ProN W4,ヒラギノ丸ゴ ProN W4.ttc
Hiragino Mincho Pro,Hiragino Mincho Pro W3,ヒラギノ明朝 ProN.ttc
Hiragino Mincho Pro,Hiragino Mincho Pro W6,ヒラギノ明朝 ProN.ttc
Hiragino Mincho ProN,Hiragino Mincho ProN W3,ヒラギノ明朝 ProN.ttc
Hiragino Mincho ProN,Hiragino Mincho ProN W6,ヒラギノ明朝 ProN.ttc
Hiragino Sans CNS,Hiragino Sans CNS W3,Hiragino_Sans_CNS.ttc
Hiragino Sans CNS,Hiragino Sans CNS W6,Hiragino_Sans_CNS.ttc
Hiragino Sans GB,Hiragino Sans GB W3,Hiragino Sans GB.ttc
Hiragino Sans GB,Hiragino Sans GB W6,Hiragino Sans GB.ttc
Hiragino Sans W0,Hiragino Sans W0,ヒラギノ角ゴシック W0.ttc
Hiragino Sans W1,Hiragino Sans W1,ヒラギノ角ゴシック W1.ttc
Hiragino Sans W2,Hiragino Sans W2,ヒラギノ角ゴシック W2.ttc
Hiragino Sans W3,Hiragino Sans W3,ヒラギノ角ゴシック W3.ttc
Hiragino Sans W4,Hiragino Sans W4,ヒラギノ角ゴシック W4.ttc
Hiragino Sans W5,Hiragino Sans W5,ヒラギノ角ゴシック W5.ttc
Hiragino Sans W6,Hiragino Sans W6,ヒラギノ角ゴシック W6.ttc
Hiragino Sans W7,Hiragino Sans W7,ヒラギノ角ゴシック W7.ttc
Hiragino Sans W8,Hiragino Sans W8,ヒラギノ角ゴシック W8.ttc
Hiragino Sans W9,Hiragino Sans W9,ヒラギノ角ゴシック W9.ttc
Hoefler Text Ornaments,Hoefler Text Ornaments,Hoefler Text Ornaments.ttf
Hoefler Text,Hoefler Text Black Italic,Hoefler Text.ttc
Hoefler Text,Hoefler Text Black,Hoefler Text.ttc
Hoefler Text,Hoefler Text Italic,Hoefler Text.ttc
Hoefler Text,Hoefler Text,Hoefler Text.ttc
ITF Devanagari Marathi,ITF Devanagari Marathi Bold,ITFDevanagari.ttc
ITF Devanagari Marathi,ITF Devanagari Marathi Book,ITFDevanagari.ttc
ITF Devanagari Marathi,ITF Devanagari Marathi Demi,ITFDevanagari.ttc
ITF Devanagari Marathi,ITF Devanagari Marathi Light,ITFDevanagari.ttc
ITF Devanagari Marathi,ITF Devanagari Marathi Medium,ITFDevanagari.ttc
ITF Devanagari,ITF Devanagari Bold,ITFDevanagari.ttc
ITF Devanagari,ITF Devanagari Book,ITFDevanagari.ttc
ITF Devanagari,ITF Devanagari Demi,ITFDevanagari.ttc
ITF Devanagari,ITF Devanagari Light,ITFDevanagari.ttc
ITF Devanagari,ITF Devanagari Medium,ITFDevanagari.ttc
Impact,Impact,Impact.ttf
InaiMathi,InaiMathi Bold,InaiMathi-MN.ttc
InaiMathi,InaiMathi,InaiMathi-MN.ttc
Iowan Old Style,Iowan Old Style Black Italic,Iowan Old Style.ttc
Iowan Old Style,Iowan Old Style Black,Iowan Old Style.ttc
Iowan Old Style,Iowan Old Style Bold Italic,Iowan Old Style.ttc
Iowan Old Style,Iowan Old Style Bold,Iowan Old Style.ttc
Iowan Old Style,Iowan Old Style Italic,Iowan Old Style.ttc
Iowan Old Style,Iowan Old Style Roman,Iowan Old Style.ttc
Iowan Old Style,Iowan Old Style Titling,Iowan Old Style.ttc
Kai,Kai Regular,Kai.ttf
Kailasa,Kailasa Bold,Kailasa.ttc
Kailasa,Kailasa Regular,Kailasa.ttc
Kaiti SC,Kaiti SC Black,Kaiti.ttc
Kaiti SC,Kaiti SC Bold,Kaiti.ttc
Kaiti SC,Kaiti SC Regular,Kaiti.ttc
Kaiti TC,Kaiti TC Black,Kaiti.ttc
Kaiti TC,Kaiti TC Bold,Kaiti.ttc
Kaiti TC,Kaiti TC Regular,Kaiti.ttc
Kannada MN,Kannada MN Bold,Kannada MN.ttc
Kannada MN,Kannada MN,Kannada MN.ttc
Kannada Sangam MN,Kannada Sangam MN Bold,Kannada Sangam MN.ttc
Kannada Sangam MN,Kannada Sangam MN,Kannada Sangam MN.ttc
Kefa,Kefa Bold,Kefa.ttc
Kefa,Kefa Regular,Kefa.ttc
Khmer MN,Khmer MN Bold,Khmer MN.ttc
Khmer MN,Khmer MN,Khmer MN.ttc
Khmer Sangam MN,Khmer Sangam MN,Khmer Sangam MN.ttf
Klee,Klee Demibold,Klee.ttc
Klee,Klee Medium,Klee.ttc
Kohinoor Bangla,Kohinoor Bangla Bold,KohinoorBangla.ttc
Kohinoor Bangla,Kohinoor Bangla Light,KohinoorBangla.ttc
Kohinoor Bangla,Kohinoor Bangla Medium,KohinoorBangla.ttc
Kohinoor Bangla,Kohinoor Bangla Semibold,KohinoorBangla.ttc
Kohinoor Bangla,Kohinoor Bangla,KohinoorBangla.ttc
Kohinoor Devanagari,Kohinoor Devanagari Bold,Kohinoor.ttc
Kohinoor Devanagari,Kohinoor Devanagari Light,Kohinoor.ttc
Kohinoor Devanagari,Kohinoor Devanagari Medium,Kohinoor.ttc
Kohinoor Devanagari,Kohinoor Devanagari Regular,Kohinoor.ttc
Kohinoor Devanagari,Kohinoor Devanagari Semibold,Kohinoor.ttc
Kohinoor Telugu,Kohinoor Telugu Bold,KohinoorTelugu.ttc
Kohinoor Telugu,Kohinoor Telugu Light,KohinoorTelugu.ttc
Kohinoor Telugu,Kohinoor Telugu Medium,KohinoorTelugu.ttc
Kohinoor Telugu,Kohinoor Telugu Semibold,KohinoorTelugu.ttc
Kohinoor Telugu,Kohinoor Telugu,KohinoorTelugu.ttc
Kokonor,Kokonor Regular,Kokonor.ttf
Krungthep,Krungthep,Krungthep.ttf
KufiStandardGK,KufiStandardGK Regular,KufiStandardGK.ttc
Lantinghei SC,Lantinghei SC Demibold,Lantinghei.ttc
Lantinghei SC,Lantinghei SC Extralight,Lantinghei.ttc
Lantinghei SC,Lantinghei SC Heavy,Lantinghei.ttc
Lantinghei TC,Lantinghei TC Demibold,Lantinghei.ttc
Lantinghei TC,Lantinghei TC Extralight,Lantinghei.ttc
Lantinghei TC,Lantinghei TC Heavy,Lantinghei.ttc
Lao MN,Lao MN Bold,Lao MN.ttc
Lao MN,Lao MN,Lao MN.ttc
Lao Sangam MN,Lao Sangam MN,Lao Sangam MN.ttf
LastResort,LastResort,LastResort.otf
LiHei Pro,LiHei Pro,LiHeiPro.ttf
LiSong Pro,LiSong Pro,LiSongPro.ttf
Libian SC,Libian SC Regular,Libian.ttc
Libian TC,Libian TC Regular,Libian.ttc
LingWai SC,LingWai SC Medium,LingWaiSC-Medium.otf
LingWai TC,LingWai TC Medium,LingWaiTC-Medium.otf
Lucida Grande,Lucida Grande Bold,LucidaGrande.ttc
Lucida Grande,Lucida Grande,LucidaGrande.ttc
Luminari,Luminari,Luminari.ttf
Malayalam MN,Malayalam MN Bold,Malayalam MN.ttc
Malayalam MN,Malayalam MN,Malayalam MN.ttc
Malayalam Sangam MN,Malayalam Sangam MN Bold,Malayalam Sangam MN.ttc
Malayalam Sangam MN,Malayalam Sangam MN,Malayalam Sangam MN.ttc
Marion,Marion Bold,Marion.ttc
Marion,Marion Italic,Marion.ttc
Marion,Marion,Marion.ttc
Marker Felt,Marker Felt Thin,MarkerFelt.ttc
Marker Felt,Marker Felt Wide,MarkerFelt.ttc
Menlo,Menlo Bold Italic,Menlo.ttc
Menlo,Menlo Bold,Menlo.ttc
Menlo,Menlo Italic,Menlo.ttc
Menlo,Menlo Regular,Menlo.ttc
Microsoft Sans Serif,Microsoft Sans Serif,Microsoft Sans Serif.ttf
Mishafi,Mishafi Gold Regular,Mishafi Gold.ttf
Mishafi,Mishafi Regular,Mishafi.ttf
Monaco,Monaco,Monaco.dfont
Mshtakan,Mshtakan Bold Oblique,Mshtakan.ttc
Mshtakan,Mshtakan Bold,Mshtakan.ttc
Mshtakan,Mshtakan Oblique,Mshtakan.ttc
Mshtakan,Mshtakan Regular,Mshtakan.ttc
Muna,Muna Black,Muna.ttc
Muna,Muna Bold,Muna.ttc
Muna,Muna Regular,Muna.ttc
Myanmar MN,Myanmar MN Bold,Myanmar MN.ttc
Myanmar MN,Myanmar MN,Myanmar MN.ttc
Myanmar Sangam MN,Myanmar Sangam MN Bold,Myanmar Sangam MN.ttc
Myanmar Sangam MN,Myanmar Sangam MN,Myanmar Sangam MN.ttc
Myriad Arabic,Myriad Arabic Black Italic,MyriadArabic.ttc
Myriad Arabic,Myriad Arabic Black,MyriadArabic.ttc
Myriad Arabic,Myriad Arabic Bold Italic,MyriadArabic.ttc
Myriad Arabic,Myriad Arabic Bold,MyriadArabic.ttc
Myriad Arabic,Myriad Arabic Italic,MyriadArabic.ttc
Myriad Arabic,Myriad Arabic Light Italic,MyriadArabic.ttc
Myriad Arabic,Myriad Arabic Light,MyriadArabic.ttc
Myriad Arabic,Myriad Arabic Semibold Italic,MyriadArabic.ttc
Myriad Arabic,Myriad Arabic Semibold,MyriadArabic.ttc
Myriad Arabic,Myriad Arabic,MyriadArabic.ttc
Nadeem,Nadeem Regular,Nadeem.ttc
Nanum Gothic,NanumGothic Bold,NanumGothic.ttc
Nanum Gothic,NanumGothic ExtraBold,NanumGothic.ttc
Nanum Gothic,NanumGothic,NanumGothic.ttc
Nanum Myeongjo,NanumMyeongjo Bold,NanumMyeongjo.ttc
Nanum Myeongjo,NanumMyeongjo ExtraBold,NanumMyeongjo.ttc
Nanum Myeongjo,NanumMyeongjo,NanumMyeongjo.ttc
Nanum Script,Nanum Brush Script,NanumScript.ttc
Nanum Script,Nanum Pen Script,NanumScript.ttc
New Peninim MT,New Peninim MT Bold Inclined,NewPeninimMT.ttc
New Peninim MT,New Peninim MT Bold,NewPeninimMT.ttc
New Peninim MT,New Peninim MT Inclined,NewPeninimMT.ttc
New Peninim MT,New Peninim MT,NewPeninimMT.ttc
Noteworthy,Noteworthy Bold,Noteworthy.ttc
Noteworthy,Noteworthy Light,Noteworthy.ttc
Noto Nastaliq Urdu,Noto Nastaliq Urdu,NotoNastaliq.ttc
Noto Sans Avestan,Noto Sans Avestan Regular,NotoSansAvestan-Regular.ttf
Noto Sans Bamum,Noto Sans Bamum Regular,NotoSansBamum-Regular.ttf
Noto Sans Batak,Noto Sans Batak Regular,NotoSansBatak-Regular.ttf
Noto Sans Brahmi,Noto Sans Brahmi Regular,NotoSansBrahmi-Regular.ttf
Noto Sans Buginese,Noto Sans Buginese Regular,NotoSansBuginese-Regular.ttf
Noto Sans Buhid,Noto Sans Buhid Regular,NotoSansBuhid-Regular.ttf
Noto Sans Carian,Noto Sans Carian Regular,NotoSansCarian-Regular.ttf
Noto Sans Cham,Noto Sans Cham Regular,NotoSansCham-Regular.ttf
Noto Sans Coptic,Noto Sans Coptic Regular,NotoSansCoptic-Regular.ttf
Noto Sans Cuneiform,Noto Sans Cuneiform Regular,NotoSansCuneiform-Regular.ttf
Noto Sans Cypriot,Noto Sans Cypriot Regular,NotoSansCypriot-Regular.ttf
Noto Sans Egyptian Hieroglyphs,Noto Sans Egyptian Hieroglyphs Regular,NotoSansEgyptianHieroglyphs-Regular.ttf
Noto Sans Glagolitic,Noto Sans Glagolitic Regular,NotoSansGlagolitic-Regular.ttf
Noto Sans Gothic,Noto Sans Gothic Regular,NotoSansGothic-Regular.ttf
Noto Sans Hanunoo,Noto Sans Hanunoo Regular,NotoSansHanunoo-Regular.ttf
Noto Sans Imperial Aramaic,Noto Sans Imperial Aramaic Regular,NotoSansImperialAramaic-Regular.ttf
Noto Sans Inscriptional Pahlavi,Noto Sans Inscriptional Pahlavi Regular,NotoSansInscriptionalPahlavi-Regular.ttf
Noto Sans Inscriptional Parthian,Noto Sans Inscriptional Parthian Regular,NotoSansInscriptionalParthian-Regular.ttf
Noto Sans Javanese,Noto Sans Javanese Regular,NotoSansJavanese-Regular.otf
Noto Sans Kaithi,Noto Sans Kaithi Regular,NotoSansKaithi-Regular.ttf
Noto Sans Kayah Li,Noto Sans Kayah Li Regular,NotoSansKayahLi-Regular.ttf
Noto Sans Kharoshthi,Noto Sans Kharoshthi Regular,NotoSansKharoshthi-Regular.ttf
Noto Sans Lepcha,Noto Sans Lepcha Regular,NotoSansLepcha-Regular.ttf
Noto Sans Limbu,Noto Sans Limbu Regular,NotoSansLimbu-Regular.ttf
Noto Sans Linear B,Noto Sans Linear B Regular,NotoSansLinearB-Regular.ttf
Noto Sans Lisu,Noto Sans Lisu Regular,NotoSansLisu-Regular.ttf
Noto Sans Lycian,Noto Sans Lycian Regular,NotoSansLycian-Regular.ttf
Noto Sans Lydian,Noto Sans Lydian Regular,NotoSansLydian-Regular.ttf
Noto Sans Mandaic,Noto Sans Mandaic Regular,NotoSansMandaic-Regular.ttf
Noto Sans Meetei Mayek,Noto Sans Meetei Mayek Regular,NotoSansMeeteiMayek-Regular.ttf
Noto Sans Mongolian,Noto Sans Mongolian Regular,NotoSansMongolian-Regular.ttf
Noto Sans NKo,Noto Sans NKo Regular,NotoSansNKo-Regular.ttf
Noto Sans New Tai Lue,Noto Sans New Tai Lue Regular,NotoSansNewTaiLue-Regular.ttf
Noto Sans Ogham,Noto Sans Ogham Regular,NotoSansOgham-Regular.ttf
Noto Sans Ol Chiki,Noto Sans Ol Chiki Regular,NotoSansOlChiki-Regular.ttf
Noto Sans Old Italic,Noto Sans Old Italic Regular,NotoSansOldItalic-Regular.ttf
Noto Sans Old Persian,Noto Sans Old Persian Regular,NotoSansOldPersian-Regular.ttf
Noto Sans Old South Arabian,Noto Sans Old South Arabian Regular,NotoSansOldSouthArabian-Regular.ttf
Noto Sans Old Turkic,Noto Sans Old Turkic Regular,NotoSansOldTurkic-Regular.ttf
Noto Sans Osmanya,Noto Sans Osmanya Regular,NotoSansOsmanya-Regular.ttf
Noto Sans Phags Pa,Noto Sans Phags Pa Regular,NotoSansPhagsPa-Regular.ttf
Noto Sans Phoenician,Noto Sans Phoenician Regular,NotoSansPhoenician-Regular.ttf
Noto Sans Rejang,Noto Sans Rejang Regular,NotoSansRejang-Regular.ttf
Noto Sans Runic,Noto Sans Runic Regular,NotoSansRunic-Regular.ttf
Noto Sans Samaritan,Noto Sans Samaritan Regular,NotoSansSamaritan
Noto Sans Saurashtra,Noto Sans Saurashtra Regular,NotoSansSaurashtra-Regular.ttf
Noto Sans Shavian,Noto Sans Shavian Regular,NotoSansShavian-Regular.ttf
Noto Sans Sundanese,Noto Sans Sundanese Regular,NotoSansSundanese-Regular.ttf
Noto Sans Syloti Nagri,Noto Sans Syloti Nagri Regular,NotoSansSylotiNagri-Regular.ttf
Noto Sans Syriac,Noto Sans Syriac Regular,NotoSansSyriacEastern-Regular.ttf
Noto Sans Tagalog,Noto Sans Tagalog Regular,NotoSansTagalog-Regular.ttf
Noto Sans Tagbanwa,Noto Sans Tagbanwa Regular,NotoSansTagbanwa-Regular.ttf
Noto Sans Tai Le,Noto Sans Tai Le Regular,NotoSansTaiLe-Regular.ttf
Noto Sans Tai Tham,Noto Sans Tai Tham Regular,NotoSansTaiTham-Regular.ttf
Noto Sans Tai Viet,Noto Sans Tai Viet Regular,NotoSansTaiViet-Regular.ttf
Noto Sans Thaana,Noto Sans Thaana Regular,NotoSansThaana-Regular.ttf
Noto Sans Tifinagh,Noto Sans Tifinagh Regular,NotoSansTifinagh-Regular.ttf
Noto Sans Ugaritic,Noto Sans Ugaritic Regular,NotoSansUgaritic-Regular.ttf
Noto Sans Vai,Noto Sans Vai Regular,NotoSansVai-Regular.ttf
Noto Sans Yi,Noto Sans Yi Regular,NotoSansYi-Regular.ttf
Noto Serif Balinese,Noto Serif Balinese Regular,NotoSerifBalinese-Regular.ttf
Optima,Optima Bold Italic,Optima.ttc
Optima,Optima Bold,Optima.ttc
Optima,Optima ExtraBlack,Optima.ttc
Optima,Optima Italic,Optima.ttc
Optima,Optima Regular,Optima.ttc
Oriya MN,Oriya MN Bold,Oriya MN.ttc
Oriya MN,Oriya MN,Oriya MN.ttc
Oriya Sangam MN,Oriya Sangam MN Bold,Oriya Sangam MN.ttc
Oriya Sangam MN,Oriya Sangam MN,Oriya Sangam MN.ttc
Osaka Mono,Osaka Mono,OsakaMono.ttf
Osaka,Osaka,Osaka.ttf
PCMyungjo,PCMyungjo Regular,PCmyoungjo.ttf
PT Mono,PT Mono Bold,PTMono.ttc
PT Mono,PT Mono,PTMono.ttc
PT Sans Caption,PT Sans Caption Bold,PTSans.ttc
PT Sans Caption,PT Sans Caption,PTSans.ttc
PT Sans Narrow,PT Sans Narrow Bold,PTSans.ttc
PT Sans Narrow,PT Sans Narrow,PTSans.ttc
PT Sans,PT Sans Bold Italic,PTSans.ttc
PT Sans,PT Sans Bold,PTSans.ttc
PT Sans,PT Sans Italic,PTSans.ttc
PT Sans,PT Sans,PTSans.ttc
PT Serif Caption,PT Serif Caption Italic,PTSerifCaption.ttc
PT Serif Caption,PT Serif Caption,PTSerifCaption.ttc
PT Serif,PT Serif Bold Italic,PTSerif.ttc
PT Serif,PT Serif Bold,PTSerif.ttc
PT Serif,PT Serif Italic,PTSerif.ttc
PT Serif,PT Serif,PTSerif.ttc
Palatino,Palatino Bold Italic,Palatino.ttc
Palatino,Palatino Bold,Palatino.ttc
Palatino,Palatino Italic,Palatino.ttc
Palatino,Palatino,Palatino.ttc
Papyrus,Papyrus Condensed,Papyrus.ttc
Papyrus,Papyrus,Papyrus.ttc
Phosphate,Phosphate Inline,Phosphate.ttc
Phosphate,Phosphate Solid,Phosphate.ttc
PilGi,PilGi Regular,Pilgiche.ttf
PingFang HK,PingFang HK Light,PingFang.ttc
PingFang HK,PingFang HK Medium,PingFang.ttc
PingFang HK,PingFang HK Regular,PingFang.ttc
PingFang HK,PingFang HK Semibold,PingFang.ttc
PingFang HK,PingFang HK Thin,PingFang.ttc
PingFang HK,PingFang HK Ultralight,PingFang.ttc
PingFang SC,PingFang SC Light,PingFang.ttc
PingFang SC,PingFang SC Medium,PingFang.ttc
PingFang SC,PingFang SC Regular,PingFang.ttc
PingFang SC,PingFang SC Semibold,PingFang.ttc
PingFang SC,PingFang SC Thin,PingFang.ttc
PingFang SC,PingFang SC Ultralight,PingFang.ttc
PingFang TC,PingFang TC Light,PingFang.ttc
PingFang TC,PingFang TC Medium,PingFang.ttc
PingFang TC,PingFang TC Regular,PingFang.ttc
PingFang TC,PingFang TC Semibold,PingFang.ttc
PingFang TC,PingFang TC Thin,PingFang.ttc
PingFang TC,PingFang TC Ultralight,PingFang.ttc
Plantagenet Cherokee,Plantagenet Cherokee,PlantagenetCherokee.ttf
Raanana,Raanana Bold,Raanana.ttc
Raanana,Raanana,Raanana.ttc
Rockwell,Rockwell Bold Italic,Rockwell.ttc
Rockwell,Rockwell Bold,Rockwell.ttc
Rockwell,Rockwell Italic,Rockwell.ttc
Rockwell,Rockwell,Rockwell.ttc
STFangSong,STFangSong,STFANGSO.ttf
STHeiti,STHeiti Regular,STHEITI.ttf
STHeiti,STXihei,STXIHEI.ttf
STIX Two Math,STIX Two Math,STIXMath-Regular.otf
STIX Two Text,STIX Two Text Bold Italic,STIX-BoldItalic.otf
STIX Two Text,STIX Two Text Bold,STIX-Bold.otf
STIX Two Text,STIX Two Text Italic,STIX-Italic.otf
STIX Two Text,STIX Two Text,STIX-Regular.otf
STIXGeneral,STIXGeneral Bold Italic,STIXGeneralBolIta.otf
STIXGeneral,STIXGeneral Bold,STIXGeneralBol.otf
STIXGeneral,STIXGeneral Italic,STIXGeneralItalic.otf
STIXGeneral,STIXGeneral,STIXGeneral.otf
STIXIntegralsD-Bold,STIXIntegralsD-Bold,STIXIntDBol.otf
STIXIntegralsD-Regular,STIXIntegralsD-Regular,STIXIntDReg.otf
STIXIntegralsSm-Bold,STIXIntegralsSm-Bold,STIXIntSmBol.otf
STIXIntegralsSm-Regular,STIXIntegralsSm-Regular,STIXIntSmReg.otf
STIXIntegralsUp-Bold,STIXIntegralsUp-Bold,STIXIntUpBol.otf
STIXIntegralsUp-Regular,STIXIntegralsUp-Regular,STIXIntUpReg.otf
STIXIntegralsUpD-Bold,STIXIntegralsUpD-Bold,STIXIntUpDBol.otf
STIXIntegralsUpD-Regular,STIXIntegralsUpD-Regular,STIXIntUpDReg.otf
STIXIntegralsUpSm-Bold,STIXIntegralsUpSm-Bold,STIXIntUpSmBol.otf
STIXIntegralsUpSm-Regular,STIXIntegralsUpSm-Regular,STIXIntUpSmReg.otf
STIXNonUnicode-Bold,STIXNonUnicode-Bold,STIXNonUniBol.otf
STIXNonUnicode-BoldItalic,STIXNonUnicode-BoldItalic,STIXNonUniBolIta.otf
STIXNonUnicode-Italic,STIXNonUnicode-Italic,STIXNonUniIta.otf
STIXNonUnicode-Regular,STIXNonUnicode-Regular,STIXNonUni.otf
STIXSizeFiveSym-Regular,STIXSizeFiveSym-Regular,STIXSizFiveSymReg.otf
STIXSizeFourSym-Bold,STIXSizeFourSym-Bold,STIXSizFourSymBol.otf
STIXSizeFourSym-Regular,STIXSizeFourSym-Regular,STIXSizFourSymReg.otf
STIXSizeOneSym-Bold,STIXSizeOneSym-Bold,STIXSizOneSymBol.otf
STIXSizeOneSym-Regular,STIXSizeOneSym-Regular,STIXSizOneSymReg.otf
STIXSizeThreeSym-Bold,STIXSizeThreeSym-Bold,STIXSizThreeSymBol.otf
STIXSizeThreeSym-Regular,STIXSizeThreeSym-Regular,STIXSizThreeSymReg.otf
STIXSizeTwoSym-Bold,STIXSizeTwoSym-Bold,STIXSizTwoSymBol.otf
STIXSizeTwoSym-Regular,STIXSizeTwoSym-Regular,STIXSizTwoSymReg.otf
STIXVariants-Bold,STIXVariants-Bold,STIXVarBol.otf
STIXVariants-Regular,STIXVariants-Regular,STIXVar.otf
STKaiti,STKaiti,Kaiti.ttc
STSong,STSong,Songti.ttc
Sana,Sana Regular,Sana.ttc
Sathu,Sathu,Sathu.ttf
Savoye LET,Savoye LET Plain:1.0,Savoye LET.ttc
Seravek,Seravek Bold Italic,Seravek.ttc
Seravek,Seravek Bold,Seravek.ttc
Seravek,Seravek ExtraLight Italic,Seravek.ttc
Seravek,Seravek ExtraLight,Seravek.ttc
Seravek,Seravek Italic,Seravek.ttc
Seravek,Seravek Light Italic,Seravek.ttc
Seravek,Seravek Light,Seravek.ttc
Seravek,Seravek Medium Italic,Seravek.ttc
Seravek,Seravek Medium,Seravek.ttc
Seravek,Seravek,Seravek.ttc
Shree Devanagari 714,Shree Devanagari 714 Bold Italic,Shree714.ttc
Shree Devanagari 714,Shree Devanagari 714 Bold,Shree714.ttc
Shree Devanagari 714,Shree Devanagari 714 Italic,Shree714.ttc
Shree Devanagari 714,Shree Devanagari 714,Shree714.ttc
SignPainter,SignPainter-HouseScript Semibold,SignPainter.ttc
SignPainter,SignPainter-HouseScript,SignPainter.ttc
Silom,Silom,Silom.ttf
Sinhala MN,Sinhala MN Bold,Sinhala MN.ttc
Sinhala MN,Sinhala MN,Sinhala MN.ttc
Sinhala Sangam MN,Sinhala Sangam MN Bold,Sinhala Sangam MN.ttc
Sinhala Sangam MN,Sinhala Sangam MN,Sinhala Sangam MN.ttc
Skia,Skia Black Condensed,Skia.ttf
Skia,Skia Black Extended,Skia.ttf
Skia,Skia Black,Skia.ttf
Skia,Skia Bold,Skia.ttf
Skia,Skia Condensed,Skia.ttf
Skia,Skia Extended,Skia.ttf
Skia,Skia Light Condensed,Skia.ttf
Skia,Skia Light Extended,Skia.ttf
Skia,Skia Light,Skia.ttf
Skia,Skia Regular,Skia.ttf
Snell Roundhand,Snell Roundhand Black,SnellRoundhand.ttc
Snell Roundhand,Snell Roundhand Bold,SnellRoundhand.ttc
Snell Roundhand,Snell Roundhand,SnellRoundhand.ttc
Songti SC,Songti SC Black,Songti.ttc
Songti SC,Songti SC Bold,Songti.ttc
Songti SC,Songti SC Light,Songti.ttc
Songti SC,Songti SC Regular,Songti.ttc
Songti TC,Songti TC Bold,Songti.ttc
Songti TC,Songti TC Light,Songti.ttc
Songti TC,Songti TC Regular,Songti.ttc
Sukhumvit Set,Sukhumvit Set Bold,SukhumvitSet.ttc
Sukhumvit Set,Sukhumvit Set Light,SukhumvitSet.ttc
Sukhumvit Set,Sukhumvit Set Medium,SukhumvitSet.ttc
Sukhumvit Set,Sukhumvit Set Semi Bold,SukhumvitSet.ttc
Sukhumvit Set,Sukhumvit Set Text,SukhumvitSet.ttc
Sukhumvit Set,Sukhumvit Set Thin,SukhumvitSet.ttc
Superclarendon,Superclarendon Black Italic,SuperClarendon.ttc
Superclarendon,Superclarendon Black,SuperClarendon.ttc
Superclarendon,Superclarendon Bold Italic,SuperClarendon.ttc
Superclarendon,Superclarendon Bold,SuperClarendon.ttc
Superclarendon,Superclarendon Italic,SuperClarendon.ttc
Superclarendon,Superclarendon Light Italic,SuperClarendon.ttc
Superclarendon,Superclarendon Light,SuperClarendon.ttc
Superclarendon,Superclarendon Regular,SuperClarendon.ttc
Symbol,Symbol,Symbol.ttf
Tahoma,Tahoma Bold,Tahoma Bold.ttf
Tahoma,Tahoma,Tahoma.ttf
Tamil MN,Tamil MN Bold,Tamil MN.ttc
Tamil MN,Tamil MN,Tamil MN.ttc
Tamil Sangam MN,Tamil Sangam MN Bold,Tamil Sangam MN.ttc
Tamil Sangam MN,Tamil Sangam MN,Tamil Sangam MN.ttc
Telugu MN,Telugu MN Bold,Telugu MN.ttc
Telugu MN,Telugu MN,Telugu MN.ttc
Telugu Sangam MN,Telugu Sangam MN Bold,Telugu Sangam MN.ttc
Telugu Sangam MN,Telugu Sangam MN,Telugu Sangam MN.ttc
Thonburi,Thonburi Bold,Thonburi.ttc
Thonburi,Thonburi Light,Thonburi.ttc
Thonburi,Thonburi,Thonburi.ttc
Times New Roman,Times New Roman Bold Italic,Times New Roman Bold Italic.ttf
Times New Roman,Times New Roman Bold,Times New Roman Bold.ttf
Times New Roman,Times New Roman Italic,Times New Roman Italic.ttf
Times New Roman,Times New Roman,Times New Roman.ttf
Times,Times Bold Italic,Times.ttc
Times,Times Bold,Times.ttc
Times,Times Italic,Times.ttc
Times,Times Roman,Times.ttc
Times,Times,Times.ttc
Toppan Bunkyu Gothic,Toppan Bunkyu Gothic Demibold,ToppanBunkyuGothicPr6N.ttc
Toppan Bunkyu Gothic,Toppan Bunkyu Gothic Regular,ToppanBunkyuGothicPr6N.ttc
Toppan Bunkyu Midashi Gothic,Toppan Bunkyu Midashi Gothic Extrabold,ToppanBunkyuMidashiGothicStdN-ExtraBold.otf
Toppan Bunkyu Midashi Mincho,Toppan Bunkyu Midashi Mincho Extrabold,ToppanBunkyuMidashiMinchoStdN-ExtraBold.otf
Toppan Bunkyu Mincho,Toppan Bunkyu Mincho Regular,ToppanBunkyuMinchoPr6N-Regular.otf
Trattatello,Trattatello,Trattatello.ttf
Trebuchet MS,Trebuchet MS Bold Italic,Trebuchet MS Bold Italic.ttf
Trebuchet MS,Trebuchet MS Bold,Trebuchet MS Bold.ttf
Trebuchet MS,Trebuchet MS Italic,Trebuchet MS Italic.ttf
Trebuchet MS,Trebuchet MS,Trebuchet MS.ttf
Tsukushi A Round Gothic,Tsukushi A Round Gothic Bold,TsukushiAMaruGothic.ttc
Tsukushi A Round Gothic,Tsukushi A Round Gothic Regular,TsukushiAMaruGothic.ttc
Tsukushi B Round Gothic,Tsukushi B Round Gothic Bold,TsukushiBMaruGothic.ttc
Tsukushi B Round Gothic,Tsukushi B Round Gothic Regular,TsukushiBMaruGothic.ttc
Verdana,Verdana Bold Italic,Verdana Bold Italic.ttf
Verdana,Verdana Bold,Verdana Bold.ttf
Verdana,Verdana Italic,Verdana Italic.ttf
Verdana,Verdana,Verdana.ttf
Waseem,Waseem Light,Waseem.ttc
Waseem,Waseem Regular,Waseem.ttc
Wawati SC,Wawati SC Regular,WawaSC-Regular.otf
Wawati TC,Wawati TC Regular,WawaTC-Regular.otf
Webdings,Webdings,Webdings.ttf
Weibei SC Bold,Weibei SC Bold,WeibeiSC-Bold.otf
Weibei TC Bold,Weibei TC Bold,WeibeiTC-Bold.otf
Wingdings,Wingdings 2,Wingdings 2.ttf
Wingdings,Wingdings 3,Wingdings 3.ttf
Wingdings,Wingdings,Wingdings.ttf
Xingkai SC,Xingkai SC Bold,Xingkai.ttc
Xingkai SC,Xingkai SC Light,Xingkai.ttc
Xingkai TC,Xingkai TC Bold,Xingkai.ttc
Xingkai TC,Xingkai TC Light,Xingkai.ttc
YuGothic Bold,YuGothic Bold,YuGothic-Bold.otf
YuGothic Medium,YuGothic Medium,YuGothic-Medium.otf
YuKyokasho Yoko,YuKyokasho Yoko Bold,Kyokasho.ttc
YuKyokasho Yoko,YuKyokasho Yoko Medium,Kyokasho.ttc
YuKyokasho,YuKyokasho Bold,Kyokasho.ttc
YuKyokasho,YuKyokasho Medium,Kyokasho.ttc
YuMincho +36p Kana,YuMincho +36p Kana Demibold,YuMincho.ttc
YuMincho +36p Kana,YuMincho +36p Kana Extrabold,YuMincho.ttc
YuMincho +36p Kana,YuMincho +36p Kana Medium,YuMincho.ttc
YuMincho,YuMincho Demibold,YuMincho.ttc
YuMincho,YuMincho Extrabold,YuMincho.ttc
YuMincho,YuMincho Medium,YuMincho.ttc
Yuanti SC,Yuanti SC Bold,Yuanti.ttc
Yuanti SC,Yuanti SC Light,Yuanti.ttc
Yuanti SC,Yuanti SC Regular,Yuanti.ttc
Yuanti TC,Yuanti TC Bold,Yuanti.ttc
Yuanti TC,Yuanti TC Light,Yuanti.ttc
Yuanti TC,Yuanti TC Regular,Yuanti.ttc
Yuppy SC Regular,Yuppy SC Regular,YuppySC-Regular.otf
Yuppy TC Regular,Yuppy TC Regular,YuppyTC-Regular.otf
Zapf Dingbats,Zapf Dingbats,ZapfDingbats.ttf
Zapfino,Zapfino,Zapfino.ttf
