Bitstream Charter,Bitstream Charter,c0649bt_.pfb
Bitstream Charter,Bitstream Charter,c0632bt_.pfb
Bitstream Charter,Bitstream Charter,c0633bt_.pfb
Bitstream Charter,Bitstream Charter,c0648bt_.pfb
Cantarell,Cantarell Bold,Cantarell-Bold.otf
Cantarell,Cantarell Regular,Cantarell-Regular.otf
Century Schoolbook L,Century Schoolbook L,c059033l.pfb
Century Schoolbook L,Century Schoolbook L,c059036l.pfb
Century Schoolbook L,Century Schoolbook L,c059013l.pfb
Century Schoolbook L,Century Schoolbook L,c059016l.pfb
Courier 10 Pitch,Courier 10 Pitch,c0419bt_.pfb
Courier 10 Pitch,Courier 10 Pitch,c0611bt_.pfb
Courier 10 Pitch,Courier 10 Pitch,c0583bt_.pfb
Courier 10 Pitch,Courier 10 Pitch,c0582bt_.pfb
DejaVu Sans,DejaVu Sans ExtraLight,DejaVuSans-ExtraLight.ttf
DejaVu Sans,DejaVu Sans Condensed Bold Oblique,DejaVuSansCondensed-BoldOblique.ttf
DejaVu Sans,DejaVu Sans Oblique,DejaVuSans-Oblique.ttf
DejaVu Sans,DejaVu Sans Bold Oblique,DejaVuSans-BoldOblique.ttf
DejaVu Sans,DejaVu Sans,DejaVuSans.ttf
DejaVu Sans,DejaVu Sans Condensed,DejaVuSansCondensed.ttf
DejaVu Sans,DejaVu Sans Condensed Bold,DejaVuSansCondensed-Bold.ttf
DejaVu Sans,DejaVu Sans Bold,DejaVuSans-Bold.ttf
DejaVu Sans,DejaVu Sans Condensed Oblique,DejaVuSansCondensed-Oblique.ttf
DejaVu Sans Mono,DejaVu Sans Mono,DejaVuSansMono.ttf
DejaVu Sans Mono,DejaVu Sans Mono Bold Oblique,DejaVuSansMono-BoldOblique.ttf
DejaVu Sans Mono,DejaVu Sans Mono Bold,DejaVuSansMono-Bold.ttf
DejaVu Sans Mono,DejaVu Sans Mono Oblique,DejaVuSansMono-Oblique.ttf
DejaVu Serif,DejaVu Serif Condensed,DejaVuSerifCondensed.ttf
DejaVu Serif,DejaVu Serif Bold Italic,DejaVuSerif-BoldItalic.ttf
DejaVu Serif,DejaVu Serif Bold,DejaVuSerif-Bold.ttf
DejaVu Serif,DejaVu Serif,DejaVuSerif.ttf
DejaVu Serif,DejaVu Serif Italic,DejaVuSerif-Italic.ttf
DejaVu Serif,DejaVu Serif Condensed Bold Italic,DejaVuSerifCondensed-BoldItalic.ttf
DejaVu Serif,DejaVu Serif Condensed Bold,DejaVuSerifCondensed-Bold.ttf
DejaVu Serif,DejaVu Serif Condensed Italic,DejaVuSerifCondensed-Italic.ttf
Dingbats,Dingbats,d050000l.pfb
Droid Arabic Naskh,Droid Arabic Naskh Bold,DroidNaskh-Bold.ttf
Droid Arabic Naskh,Droid Arabic Naskh,DroidNaskh-Regular.ttf
Droid Sans,Droid Sans Bold,DroidSans-Bold.ttf
Droid Sans,Droid Sans,DroidSans.ttf
Droid Sans Armenian,Droid Sans Armenian,DroidSansArmenian.ttf
Droid Sans Ethiopic,Droid Sans Ethiopic,DroidSansEthiopic-Regular.ttf
Droid Sans Ethiopic,Droid Sans Ethiopic Bold,DroidSansEthiopic-Bold.ttf
Droid Sans Fallback,Droid Sans Fallback,DroidSansFallbackFull.ttf
Droid Sans Georgian,Droid Sans Georgian,DroidSansGeorgian.ttf
Droid Sans Hebrew,Droid Sans Hebrew,DroidSansHebrew-Regular.ttf
Droid Sans Hebrew,Droid Sans Hebrew Bold,DroidSansHebrew-Bold.ttf
Droid Sans Japanese,Droid Sans Japanese,DroidSansJapanese.ttf
Droid Sans Mono,Droid Sans Mono,DroidSansMono.ttf
Droid Sans Thai,Droid Sans Thai,DroidSansThai.ttf
Droid Serif,Droid Serif Italic,DroidSerif-Italic.ttf
Droid Serif,Droid Serif Bold Italic,DroidSerif-BoldItalic.ttf
Droid Serif,Droid Serif Bold,DroidSerif-Bold.ttf
Droid Serif,Droid Serif,DroidSerif-Regular.ttf
Gentium,Gentium Italic,GenI102.ttf
Gentium,Gentium,GenR102.ttf
Gentium Basic,Gentium Basic Bold Italic,GenBasBI.ttf
Gentium Basic,Gentium Basic,GenBasR.ttf
Gentium Basic,Gentium Basic Italic,GenBasI.ttf
Gentium Basic,Gentium Basic Bold,GenBasB.ttf
Gentium Book Basic,Gentium Book Basic Bold Italic,GenBkBasBI.ttf
Gentium Book Basic,Gentium Book Basic Italic,GenBkBasI.ttf
Gentium Book Basic,Gentium Book Basic Bold,GenBkBasB.ttf
Gentium Book Basic,Gentium Book Basic,GenBkBasR.ttf
GentiumAlt,GentiumAlt,GenAR102.ttf
GentiumAlt,GentiumAlt Italic,GenAI102.ttf
Liberation Mono,Liberation Mono,LiberationMono-Regular.ttf
Liberation Mono,Liberation Mono Bold,LiberationMono-Bold.ttf
Liberation Mono,Liberation Mono Italic,LiberationMono-Italic.ttf
Liberation Mono,Liberation Mono Bold Italic,LiberationMono-BoldItalic.ttf
Liberation Mono,Liberation Mono,LiberationMono-Regular.ttf
Liberation Mono,Liberation Mono Italic,LiberationMono-Italic.ttf
Liberation Mono,Liberation Mono Bold Italic,LiberationMono-BoldItalic.ttf
Liberation Mono,Liberation Mono Bold,LiberationMono-Bold.ttf
Liberation Sans,Liberation Sans Bold Italic,LiberationSans-BoldItalic.ttf
Liberation Sans,Liberation Sans Italic,LiberationSans-Italic.ttf
Liberation Sans,Liberation Sans Italic,LiberationSans-Italic.ttf
Liberation Sans,Liberation Sans Bold,LiberationSans-Bold.ttf
Liberation Sans,Liberation Sans Bold,LiberationSans-Bold.ttf
Liberation Sans,Liberation Sans Bold Italic,LiberationSans-BoldItalic.ttf
Liberation Sans,Liberation Sans,LiberationSans-Regular.ttf
Liberation Sans,Liberation Sans,LiberationSans-Regular.ttf
Liberation Sans Narrow,Liberation Sans Narrow Bold Italic,LiberationSansNarrow-BoldItalic.ttf
Liberation Sans Narrow,Liberation Sans Narrow Bold,LiberationSansNarrow-Bold.ttf
Liberation Sans Narrow,Liberation Sans Narrow,LiberationSansNarrow-Regular.ttf
Liberation Sans Narrow,Liberation Sans Narrow Bold,LiberationSansNarrow-Bold.ttf
Liberation Sans Narrow,Liberation Sans Narrow Bold Italic,LiberationSansNarrow-BoldItalic.ttf
Liberation Sans Narrow,Liberation Sans Narrow,LiberationSansNarrow-Regular.ttf
Liberation Sans Narrow,Liberation Sans Narrow Italic,LiberationSansNarrow-Italic.ttf
Liberation Sans Narrow,Liberation Sans Narrow Italic,LiberationSansNarrow-Italic.ttf
Liberation Serif,Liberation Serif,LiberationSerif-Regular.ttf
Liberation Serif,Liberation Serif Bold Italic,LiberationSerif-BoldItalic.ttf
Liberation Serif,Liberation Serif Italic,LiberationSerif-Italic.ttf
Liberation Serif,Liberation Serif,LiberationSerif-Regular.ttf
Liberation Serif,Liberation Serif Italic,LiberationSerif-Italic.ttf
Liberation Serif,Liberation Serif Bold,LiberationSerif-Bold.ttf
Liberation Serif,Liberation Serif Bold Italic,LiberationSerif-BoldItalic.ttf
Liberation Serif,Liberation Serif Bold,LiberationSerif-Bold.ttf
Nimbus Mono L,Nimbus Mono L,n022003l.pfb
Nimbus Mono L,Nimbus Mono L,n022004l.pfb
Nimbus Mono L,Nimbus Mono L,n022023l.pfb
Nimbus Mono L,Nimbus Mono L,n022024l.pfb
Nimbus Roman No9 L,Nimbus Roman No9 L,n021004l.pfb
Nimbus Roman No9 L,Nimbus Roman No9 L,n021003l.pfb
Nimbus Roman No9 L,Nimbus Roman No9 L,n021024l.pfb
Nimbus Roman No9 L,Nimbus Roman No9 L,n021023l.pfb
Nimbus Sans L,Nimbus Sans L,n019004l.pfb
Nimbus Sans L,Nimbus Sans L,n019003l.pfb
Nimbus Sans L,Nimbus Sans L,n019024l.pfb
Nimbus Sans L,Nimbus Sans L,n019044l.pfb
Nimbus Sans L,Nimbus Sans L,n019023l.pfb
Nimbus Sans L,Nimbus Sans L,n019043l.pfb
Nimbus Sans L,Nimbus Sans L,n019064l.pfb
Nimbus Sans L,Nimbus Sans L,n019063l.pfb
OpenSymbol,OpenSymbol,opens___.ttf
STIXGeneral,STIXGeneral-Italic,STIXGeneral-Italic.otf
STIXGeneral,STIXGeneral-Regular,STIXGeneral-Regular.otf
STIXGeneral,STIXGeneral-Bold,STIXGeneral-Bold.otf
STIXGeneral,STIXGeneral-BoldItalic,STIXGeneral-BoldItalic.otf
STIXIntegralsD,STIXIntegralsD-Bold,STIXIntegralsD-Bold.otf
STIXIntegralsD,STIXIntegralsD-Regular,STIXIntegralsD-Regular.otf
STIXIntegralsSm,STIXIntegralsSm-Regular,STIXIntegralsSm-Regular.otf
STIXIntegralsSm,STIXIntegralsSm-Bold,STIXIntegralsSm-Bold.otf
STIXIntegralsUp,STIXIntegralsUp-Regular,STIXIntegralsUp-Regular.otf
STIXIntegralsUp,STIXIntegralsUp-Bold,STIXIntegralsUp-Bold.otf
STIXIntegralsUpD,STIXIntegralsUpD-Bold,STIXIntegralsUpD-Bold.otf
STIXIntegralsUpD,STIXIntegralsUpD-Regular,STIXIntegralsUpD-Regular.otf
STIXIntegralsUpSm,STIXIntegralsUpSm-Bold,STIXIntegralsUpSm-Bold.otf
STIXIntegralsUpSm,STIXIntegralsUpSm-Regular,STIXIntegralsUpSm-Regular.otf
STIXNonUnicode,STIXNonUnicode-BoldItalic,STIXNonUnicode-BoldItalic.otf
STIXNonUnicode,STIXNonUnicode-Italic,STIXNonUnicode-Italic.otf
STIXNonUnicode,STIXNonUnicode-Bold,STIXNonUnicode-Bold.otf
STIXNonUnicode,STIXNonUnicode-Regular,STIXNonUnicode-Regular.otf
STIXSizeFiveSym,STIXSizeFiveSym-Regular,STIXSizeFiveSym-Regular.otf
STIXSizeFourSym,STIXSizeFourSym-Regular,STIXSizeFourSym-Regular.otf
STIXSizeFourSym,STIXSizeFourSym-Bold,STIXSizeFourSym-Bold.otf
STIXSizeOneSym,STIXSizeOneSym-Regular,STIXSizeOneSym-Regular.otf
STIXSizeOneSym,STIXSizeOneSym-Bold,STIXSizeOneSym-Bold.otf
STIXSizeThreeSym,STIXSizeThreeSym-Bold,STIXSizeThreeSym-Bold.otf
STIXSizeThreeSym,STIXSizeThreeSym-Regular,STIXSizeThreeSym-Regular.otf
STIXSizeTwoSym,STIXSizeTwoSym-Regular,STIXSizeTwoSym-Regular.otf
STIXSizeTwoSym,STIXSizeTwoSym-Bold,STIXSizeTwoSym-Bold.otf
STIXVariants,STIXVariants-Bold,STIXVariants-Bold.otf
STIXVariants,STIXVariants-Regular,STIXVariants-Regular.otf
Standard Symbols L,Standard Symbols L,s050000l.pfb
Symbol,Symbol,Symbol.pfb
Symbol,Symbol,Symbol.pfb
URW Bookman L,URW Bookman L,b018035l.pfb
URW Bookman L,URW Bookman L,b018032l.pfb
URW Bookman L,URW Bookman L,b018015l.pfb
URW Bookman L,URW Bookman L,b018012l.pfb
URW Chancery L,URW Chancery L,z003034l.pfb
URW Gothic L,URW Gothic L,a010013l.pfb
URW Gothic L,URW Gothic L,a010015l.pfb
URW Gothic L,URW Gothic L,a010033l.pfb
URW Gothic L,URW Gothic L,a010035l.pfb
URW Palladio L,URW Palladio L,p052024l.pfb
URW Palladio L,URW Palladio L,p052023l.pfb
URW Palladio L,URW Palladio L,p052004l.pfb
URW Palladio L,URW Palladio L,p052003l.pfb
cmex10,cmex10,cmex10.ttf
cmmi10,cmmi10,cmmi10.ttf
cmr10,cmr10,cmr10.ttf
cmsy10,cmsy10,cmsy10.ttf
esint10,esint10,esint10.ttf
eufm10,eufm10,eufm10.ttf
msam10,msam10,msam10.ttf
msbm10,msbm10,msbm10.ttf
rsfs10,rsfs10,rsfs10.ttf
wasy10,wasy10,wasy10.ttf
